Id,Motion,Chemical Shift,RF,Normal
EX7_007.png,1,1,0,0
EX7_008.png,1,1,0,0
EX7_009.png,1,1,0,0
EX7_010.png,1,1,0,0
EX7_011.png,1,1,0,0
EX7_012.png,1,1,0,0
EX7_013.png,1,1,0,0
EX7_014.png,1,1,0,0
EX7_015.png,1,1,0,0
EX7_016.png,1,1,0,0
EX7_017.png,1,1,0,0
EX7_018.png,1,1,0,0
EX7_019.png,1,1,0,0
EX7_020.png,1,1,0,0
EX7_021.png,1,1,0,0
EX7_022.png,1,1,0,0
EX7_023.png,1,1,0,0
EX7_024.png,1,1,0,0
EX7_025.png,1,1,0,0
EX7_026.png,1,1,0,0
EX7_027.png,1,1,0,0
EX7_028.png,1,1,0,0
EX7_029.png,1,1,0,0
EX7_030.png,1,1,0,0
EX7_031.png,1,1,0,0
EX7_032.png,1,1,0,0
EX7_033.png,1,1,0,0
EX7_034.png,1,1,0,0
EX7_035.png,1,1,0,0
EX7_036.png,1,1,0,0
EX7_037.png,1,1,0,0
EX7_038.png,1,1,0,0
EX7_039.png,1,1,0,0
EX7_040.png,1,1,0,0
EX7_041.png,1,1,0,0
EX7_042.png,1,1,0,0
EX7_043.png,1,1,0,0
EX7_044.png,1,1,0,0
EX7_045.png,1,1,0,0
EX7_046.png,1,1,0,0
Fetus10_014.png,1,1,0,0
Fetus10_015.png,1,1,0,0
Fetus10_016.png,1,1,0,0
Fetus10_017.png,1,1,0,0
Fetus10_018.png,1,1,0,0
Fetus10_019.png,1,1,0,0
Fetus10_020.png,1,1,0,0
Fetus10_021.png,1,1,0,0
Fetus10_022.png,1,1,0,0
Fetus10_023.png,1,1,0,0
Fetus10_024.png,1,1,0,0
Fetus10_025.png,1,1,0,0
Fetus10_026.png,1,1,0,0
Fetus10_027.png,1,1,0,0
Fetus10_028.png,1,1,0,0
Fetus10_029.png,1,1,0,0
Fetus10_030.png,1,1,0,0
Fetus10_031.png,1,1,0,0
Fetus10_032.png,1,1,0,0
Fetus10_033.png,1,1,0,0
Fetus10_034.png,1,1,0,0
Fetus10_035.png,1,1,0,0
Fetus10_036.png,1,1,0,0
Fetus10_037.png,1,1,0,0
Fetus10_038.png,1,1,0,0
Fetus10_039.png,1,1,0,0
Fetus10_040.png,1,1,0,0
Fetus10_041.png,1,1,0,0
Fetus10_042.png,1,1,0,0
Fetus10_079.png,1,1,0,0
Fetus10_080.png,1,1,0,0
Fetus10_081.png,1,1,0,0
Fetus10_082.png,1,1,0,0
Fetus10_083.png,1,1,0,0
Fetus10_084.png,1,1,0,0
Fetus10_085.png,1,1,0,0
Fetus10_086.png,1,1,0,0
Fetus10_087.png,1,1,0,0
Fetus10_088.png,1,1,0,0
Fetus10_089.png,1,1,0,0
Fetus11_017.png,1,1,1,0
Fetus11_018.png,1,1,1,0
Fetus11_019.png,1,1,1,0
Fetus11_020.png,1,1,1,0
Fetus11_021.png,1,1,1,0
Fetus11_022.png,1,1,1,0
Fetus11_023.png,1,1,1,0
Fetus11_024.png,1,1,1,0
Fetus11_025.png,1,1,1,0
Fetus11_026.png,1,1,1,0
Fetus11_027.png,1,1,1,0
Fetus11_028.png,1,1,1,0
Fetus11_029.png,1,1,1,0
Fetus11_030.png,1,1,1,0
Fetus11_031.png,1,1,1,0
Fetus11_032.png,1,1,1,0
Fetus11_033.png,1,1,1,0
Fetus11_034.png,1,1,1,0
Fetus11_035.png,1,1,1,0
Fetus11_036.png,1,1,1,0
Fetus11_037.png,1,1,1,0
Fetus11_038.png,1,1,1,0
Fetus11_039.png,1,1,1,0
Fetus11_040.png,1,1,1,0
Fetus11_041.png,1,1,1,0
Fetus11_042.png,1,1,1,0
Fetus11_043.png,1,1,1,0
Fetus11_044.png,1,1,1,0
Fetus11_045.png,1,1,1,0
Fetus11_046.png,1,1,1,0
Fetus11_047.png,1,1,1,0
Fetus11_048.png,1,1,1,0
Fetus11_049.png,1,1,1,0
Fetus11_050.png,1,1,1,0
Fetus11_051.png,1,1,1,0
Fetus11_052.png,1,1,1,0
Fetus11_053.png,1,1,1,0
Fetus11_054.png,1,1,1,0
Fetus11_055.png,1,1,1,0
Fetus11_056.png,1,1,1,0
Fetus11_057.png,1,1,1,0
Fetus11_058.png,1,1,1,0
Fetus11_059.png,1,1,1,0
Fetus11_060.png,1,1,1,0
Fetus11_061.png,1,1,1,0
Fetus11_062.png,1,1,1,0
Fetus11_063.png,1,1,1,0
Fetus11_064.png,1,1,1,0
Fetus11_065.png,1,1,1,0
Fetus11_066.png,1,1,1,0
Fetus11_067.png,1,1,1,0
Fetus11_068.png,1,1,1,0
Fetus11_069.png,1,1,1,0
Fetus11_070.png,1,1,1,0
Fetus11_071.png,1,1,1,0
Fetus11_072.png,1,1,1,0
Fetus11_073.png,1,1,1,0
Fetus11_074.png,1,1,1,0
Fetus11_075.png,1,1,1,0
Fetus11_076.png,1,1,1,0
Fetus11_077.png,1,1,1,0
Fetus11_078.png,1,1,1,0
Fetus11_079.png,1,1,1,0
Fetus11_080.png,1,1,1,0
Fetus11_081.png,1,1,1,0
Fetus11_082.png,1,1,1,0
Fetus11_083.png,1,1,1,0
Fetus11_084.png,1,1,1,0
Fetus11_085.png,1,1,1,0
Fetus11_086.png,1,1,1,0
Fetus11_087.png,1,1,1,0
Fetus11_088.png,1,1,1,0
Fetus11_089.png,1,1,1,0
Fetus11_090.png,1,1,1,0
Fetus11_091.png,1,1,1,0
Fetus11_092.png,1,1,1,0
Fetus11_093.png,1,1,1,0
Fetus11_094.png,1,1,1,0
Fetus11_095.png,1,1,1,0
Fetus11_096.png,1,1,1,0
Fetus11_097.png,1,1,1,0
Fetus11_098.png,1,1,1,0
Fetus11_099.png,1,1,1,0
Fetus11_100.png,1,1,1,0
Fetus11_101.png,1,1,1,0
Fetus13_027.png,1,1,1,0
Fetus13_028.png,1,1,1,0
Fetus13_029.png,1,1,1,0
Fetus13_030.png,1,1,1,0
Fetus13_031.png,1,1,1,0
Fetus13_032.png,1,1,1,0
Fetus13_033.png,1,1,1,0
Fetus13_034.png,1,1,1,0
Fetus13_035.png,1,1,1,0
Fetus13_036.png,1,1,1,0
Fetus13_037.png,1,1,1,0
Fetus13_038.png,1,1,1,0
Fetus13_039.png,1,1,1,0
Fetus13_040.png,1,1,1,0
Fetus13_041.png,1,1,1,0
Fetus13_042.png,1,1,1,0
Fetus13_043.png,1,1,1,0
Fetus13_044.png,1,1,1,0
Fetus13_045.png,1,1,1,0
Fetus13_046.png,1,1,1,0
Fetus13_047.png,1,1,1,0
Fetus13_048.png,1,1,1,0
Fetus13_049.png,1,1,1,0
Fetus13_050.png,1,1,1,0
Fetus13_051.png,1,1,1,0
Fetus13_052.png,1,1,1,0
Fetus13_053.png,1,1,1,0
Fetus13_054.png,1,1,1,0
Fetus13_055.png,1,1,1,0
Fetus13_056.png,1,1,1,0
Fetus13_057.png,1,1,1,0
Fetus13_058.png,1,1,1,0
Fetus13_059.png,1,1,1,0
Fetus13_060.png,1,1,1,0
Fetus13_061.png,1,1,1,0
Fetus13_062.png,1,1,1,0
Fetus13_063.png,1,1,1,0
Fetus13_064.png,1,1,1,0
Fetus13_065.png,1,1,1,0
Fetus13_066.png,1,1,1,0
Fetus13_067.png,1,1,1,0
Fetus13_068.png,1,1,1,0
Fetus13_069.png,1,1,1,0
Fetus13_070.png,1,1,1,0
Fetus13_071.png,1,1,1,0
Fetus13_072.png,1,1,1,0
Fetus13_073.png,1,1,1,0
Fetus13_074.png,1,1,1,0
Fetus13_075.png,1,1,1,0
Fetus13_076.png,1,1,1,0
Fetus13_077.png,1,1,1,0
Fetus13_078.png,1,1,1,0
Fetus13_079.png,1,1,1,0
Fetus13_080.png,1,1,1,0
Fetus13_081.png,1,1,1,0
Fetus13_082.png,1,1,1,0
Fetus13_083.png,1,1,1,0
Fetus13_084.png,1,1,1,0
Fetus13_085.png,1,1,1,0
Fetus13_086.png,1,1,1,0
Fetus13_087.png,1,1,1,0
Fetus13_088.png,1,1,1,0
Fetus13_089.png,1,1,1,0
Fetus13_090.png,1,1,1,0
Fetus13_091.png,1,1,1,0
Fetus13_092.png,1,1,1,0
Fetus13_093.png,1,1,1,0
Fetus13_094.png,1,1,1,0
Fetus13_095.png,1,1,1,0
Fetus13_096.png,1,1,1,0
Fetus13_097.png,1,1,1,0
Fetus13_098.png,1,1,1,0
Fetus13_099.png,1,1,1,0
Fetus13_100.png,1,1,1,0
Fetus13_101.png,1,1,1,0
Fetus13_102.png,1,1,1,0
Fetus13_103.png,1,1,1,0
Fetus13_104.png,1,1,1,0
Fetus13_105.png,1,1,1,0
Fetus13_106.png,1,1,1,0
Fetus15_029.png,1,1,1,0
Fetus15_030.png,1,1,1,0
Fetus15_031.png,1,1,1,0
Fetus15_032.png,1,1,1,0
Fetus15_033.png,1,1,1,0
Fetus15_034.png,1,1,1,0
Fetus15_035.png,1,1,1,0
Fetus15_036.png,1,1,1,0
Fetus15_037.png,1,1,1,0
Fetus15_038.png,1,1,1,0
Fetus15_039.png,1,1,1,0
Fetus15_040.png,1,1,1,0
Fetus15_041.png,1,1,1,0
Fetus15_042.png,1,1,1,0
Fetus15_043.png,1,1,1,0
Fetus15_044.png,1,1,1,0
Fetus15_045.png,1,1,1,0
Fetus15_046.png,1,1,1,0
Fetus15_047.png,1,1,1,0
Fetus15_048.png,1,1,1,0
Fetus15_049.png,1,1,1,0
Fetus15_050.png,1,1,1,0
Fetus15_051.png,1,1,1,0
Fetus15_052.png,1,1,1,0
Fetus15_053.png,1,1,1,0
Fetus15_054.png,1,1,1,0
Fetus15_055.png,1,1,1,0
Fetus15_056.png,1,1,1,0
Fetus15_057.png,1,1,1,0
Fetus15_058.png,1,1,1,0
Fetus15_059.png,1,1,1,0
Fetus15_060.png,1,1,1,0
Fetus15_061.png,1,1,1,0
Fetus15_062.png,1,1,1,0
Fetus15_063.png,1,1,1,0
Fetus15_064.png,1,1,1,0
Fetus15_065.png,1,1,1,0
Fetus15_066.png,1,1,1,0
Fetus15_067.png,1,1,1,0
Fetus15_068.png,1,1,1,0
Fetus15_069.png,1,1,1,0
Fetus15_070.png,1,1,1,0
Fetus15_071.png,1,1,1,0
Fetus15_072.png,1,1,1,0
Fetus15_073.png,1,1,1,0
Fetus15_074.png,1,1,1,0
Fetus15_075.png,1,1,1,0
Fetus15_076.png,1,1,1,0
Fetus15_077.png,1,1,1,0
Fetus15_078.png,1,1,1,0
Fetus15_079.png,1,1,1,0
Fetus15_080.png,1,1,1,0
Fetus15_081.png,1,1,1,0
Fetus15_082.png,1,1,1,0
Fetus15_083.png,1,1,1,0
Fetus15_084.png,1,1,1,0
Fetus15_085.png,1,1,1,0
Fetus15_086.png,1,1,1,0
Fetus15_087.png,1,1,1,0
Fetus15_088.png,1,1,1,0
Fetus15_089.png,1,1,1,0
Fetus15_090.png,1,1,1,0
Fetus15_091.png,1,1,1,0
Fetus15_092.png,1,1,1,0
Fetus15_093.png,1,1,1,0
Fetus15_094.png,1,1,1,0
Fetus15_095.png,1,1,1,0
Fetus15_096.png,1,1,1,0
Fetus15_097.png,1,1,1,0
Fetus15_098.png,1,1,1,0
Fetus15_099.png,1,1,1,0
Fetus15_100.png,1,1,1,0
Fetus17_033.png,1,1,1,0
Fetus17_034.png,1,1,1,0
Fetus17_035.png,1,1,1,0
Fetus17_036.png,1,1,1,0
Fetus17_037.png,1,1,1,0
Fetus17_038.png,1,1,1,0
Fetus17_039.png,1,1,1,0
Fetus17_040.png,1,1,1,0
Fetus17_041.png,1,1,1,0
Fetus17_042.png,1,1,1,0
Fetus17_043.png,1,1,1,0
Fetus17_044.png,1,1,1,0
Fetus17_045.png,1,1,1,0
Fetus17_046.png,1,1,1,0
Fetus17_047.png,1,1,1,0
Fetus17_048.png,1,1,1,0
Fetus17_049.png,1,1,1,0
Fetus17_050.png,1,1,1,0
Fetus17_051.png,1,1,1,0
Fetus17_052.png,1,1,1,0
Fetus17_053.png,1,1,1,0
Fetus17_054.png,1,1,1,0
Fetus17_055.png,1,1,1,0
Fetus17_056.png,1,1,1,0
Fetus17_057.png,1,1,1,0
Fetus17_058.png,1,1,1,0
Fetus17_059.png,1,1,1,0
Fetus17_060.png,1,1,1,0
Fetus17_061.png,1,1,1,0
Fetus17_062.png,1,1,1,0
Fetus17_063.png,1,1,1,0
Fetus17_064.png,1,1,1,0
Fetus17_065.png,1,1,1,0
Fetus17_066.png,1,1,1,0
Fetus17_067.png,1,1,1,0
Fetus17_068.png,1,1,1,0
Fetus17_069.png,1,1,1,0
Fetus17_070.png,1,1,1,0
Fetus17_071.png,1,1,1,0
Fetus17_072.png,1,1,1,0
Fetus17_073.png,1,1,1,0
Fetus17_074.png,1,1,1,0
Fetus17_075.png,1,1,1,0
Fetus17_076.png,1,1,1,0
Fetus17_077.png,1,1,1,0
Fetus17_078.png,1,1,1,0
Fetus17_079.png,1,1,1,0
Fetus17_080.png,1,1,1,0
Fetus17_081.png,1,1,1,0
Fetus17_082.png,1,1,1,0
Fetus17_083.png,1,1,1,0
Fetus17_084.png,1,1,1,0
Fetus17_085.png,1,1,1,0
Fetus17_086.png,1,1,1,0
Fetus17_087.png,1,1,1,0
Fetus17_088.png,1,1,1,0
Fetus17_089.png,1,1,1,0
Fetus17_090.png,1,1,1,0
Fetus17_091.png,1,1,1,0
Fetus17_092.png,1,1,1,0
Fetus17_093.png,1,1,1,0
Fetus17_094.png,1,1,1,0
Fetus17_095.png,1,1,1,0
Fetus17_096.png,1,1,1,0
Fetus17_097.png,1,1,1,0
Fetus17_098.png,1,1,1,0
Fetus17_099.png,1,1,1,0
Fetus17_100.png,1,1,1,0
Fetus21_026.png,1,1,1,0
Fetus21_027.png,1,1,1,0
Fetus21_028.png,1,1,1,0
Fetus21_029.png,1,1,1,0
Fetus21_030.png,1,1,1,0
Fetus21_031.png,1,1,1,0
Fetus21_032.png,1,1,1,0
Fetus21_033.png,1,1,1,0
Fetus21_034.png,1,1,1,0
Fetus21_035.png,1,1,1,0
Fetus21_036.png,1,1,1,0
Fetus21_037.png,1,1,1,0
Fetus21_038.png,1,1,1,0
Fetus21_039.png,1,1,1,0
Fetus21_040.png,1,1,1,0
Fetus21_041.png,1,1,1,0
Fetus21_042.png,1,1,1,0
Fetus21_043.png,1,1,1,0
Fetus21_044.png,1,1,1,0
Fetus21_045.png,1,1,1,0
Fetus21_046.png,1,1,1,0
Fetus21_047.png,1,1,1,0
Fetus21_048.png,1,1,1,0
Fetus21_049.png,1,1,1,0
Fetus21_050.png,1,1,1,0
Fetus21_051.png,1,1,1,0
Fetus21_052.png,1,1,1,0
Fetus21_053.png,1,1,1,0
Fetus21_054.png,1,1,1,0
Fetus21_055.png,1,1,1,0
Fetus21_056.png,1,1,1,0
Fetus21_057.png,1,1,1,0
Fetus21_058.png,1,1,1,0
Fetus21_059.png,1,1,1,0
Fetus21_060.png,1,1,1,0
Fetus21_061.png,1,1,1,0
Fetus21_062.png,1,1,1,0
Fetus21_063.png,1,1,1,0
Fetus21_064.png,1,1,1,0
Fetus21_065.png,1,1,1,0
Fetus21_066.png,1,1,1,0
Fetus21_067.png,1,1,1,0
Fetus21_068.png,1,1,1,0
Fetus21_069.png,1,1,1,0
Fetus21_070.png,1,1,1,0
Fetus21_071.png,1,1,1,0
Fetus21_072.png,1,1,1,0
Fetus21_073.png,1,1,1,0
Fetus21_074.png,1,1,1,0
Fetus21_075.png,1,1,1,0
Fetus21_076.png,1,1,1,0
Fetus21_077.png,1,1,1,0
Fetus21_078.png,1,1,1,0
Fetus21_079.png,1,1,1,0
Fetus21_080.png,1,1,1,0
Fetus21_081.png,1,1,1,0
Fetus21_082.png,1,1,1,0
Fetus21_083.png,1,1,1,0
Fetus21_084.png,1,1,1,0
Fetus21_085.png,1,1,1,0
Fetus21_086.png,1,1,1,0
Fetus21_087.png,1,1,1,0
Fetus21_088.png,1,1,1,0
Fetus21_089.png,1,1,1,0
Fetus21_090.png,1,1,1,0
Fetus21_091.png,1,1,1,0
Fetus21_092.png,1,1,1,0
Fetus21_093.png,1,1,1,0
Fetus21_094.png,1,1,1,0
Fetus21_095.png,1,1,1,0
Fetus21_096.png,1,1,1,0
Fetus21_097.png,1,1,1,0
Fetus21_098.png,1,1,1,0
Fetus21_099.png,1,1,1,0
Fetus21_100.png,1,1,1,0
Fetus22_029.png,1,1,1,0
Fetus22_030.png,1,1,1,0
Fetus22_031.png,1,1,1,0
Fetus22_032.png,1,1,1,0
Fetus22_033.png,1,1,1,0
Fetus22_034.png,1,1,1,0
Fetus22_035.png,1,1,1,0
Fetus22_036.png,1,1,1,0
Fetus22_037.png,1,1,1,0
Fetus22_038.png,1,1,1,0
Fetus22_039.png,1,1,1,0
Fetus22_040.png,1,1,1,0
Fetus22_041.png,1,1,1,0
Fetus22_042.png,1,1,1,0
Fetus22_043.png,1,1,1,0
Fetus22_044.png,1,1,1,0
Fetus22_045.png,1,1,1,0
Fetus22_046.png,1,1,1,0
Fetus22_047.png,1,1,1,0
Fetus22_048.png,1,1,1,0
Fetus22_049.png,1,1,1,0
Fetus22_050.png,1,1,1,0
Fetus22_051.png,1,1,1,0
Fetus22_052.png,1,1,1,0
Fetus22_053.png,1,1,1,0
Fetus22_054.png,1,1,1,0
Fetus22_055.png,1,1,1,0
Fetus22_056.png,1,1,1,0
Fetus22_057.png,1,1,1,0
Fetus22_058.png,1,1,1,0
Fetus22_059.png,1,1,1,0
Fetus22_060.png,1,1,1,0
Fetus22_061.png,1,1,1,0
Fetus22_062.png,1,1,1,0
Fetus22_063.png,1,1,1,0
Fetus22_064.png,1,1,1,0
Fetus22_065.png,1,1,1,0
Fetus22_066.png,1,1,1,0
Fetus22_067.png,1,1,1,0
Fetus22_068.png,1,1,1,0
Fetus22_069.png,1,1,1,0
Fetus22_070.png,1,1,1,0
Fetus22_071.png,1,1,1,0
Fetus22_072.png,1,1,1,0
Fetus22_073.png,1,1,1,0
Fetus22_074.png,1,1,1,0
Fetus22_075.png,1,1,1,0
Fetus22_076.png,1,1,1,0
Fetus22_077.png,1,1,1,0
Fetus22_078.png,1,1,1,0
Fetus22_079.png,1,1,1,0
Fetus22_080.png,1,1,1,0
Fetus22_081.png,1,1,1,0
Fetus22_082.png,1,1,1,0
Fetus22_083.png,1,1,1,0
Fetus22_084.png,1,1,1,0
Fetus22_085.png,1,1,1,0
Fetus22_086.png,1,1,1,0
Fetus22_087.png,1,1,1,0
Fetus22_088.png,1,1,1,0
Fetus22_089.png,1,1,1,0
Fetus22_090.png,1,1,1,0
Fetus22_091.png,1,1,1,0
Fetus22_092.png,1,1,1,0
Fetus22_093.png,1,1,1,0
Fetus22_094.png,1,1,1,0
Fetus22_095.png,1,1,1,0
Fetus2_022.png,1,1,1,0
Fetus2_023.png,1,1,1,0
Fetus2_024.png,1,1,1,0
Fetus2_025.png,1,1,1,0
Fetus2_026.png,1,1,1,0
Fetus2_027.png,1,1,1,0
Fetus2_028.png,1,1,1,0
Fetus2_029.png,1,1,1,0
Fetus2_030.png,1,1,1,0
Fetus2_031.png,1,1,1,0
Fetus2_032.png,1,1,1,0
Fetus2_033.png,1,1,1,0
Fetus2_034.png,1,1,1,0
Fetus2_035.png,1,1,1,0
Fetus2_036.png,1,1,1,0
Fetus2_037.png,1,1,1,0
Fetus2_038.png,1,1,1,0
Fetus2_039.png,1,1,1,0
Fetus2_040.png,1,1,1,0
Fetus2_041.png,1,1,1,0
Fetus2_042.png,1,1,1,0
Fetus2_043.png,1,1,1,0
Fetus2_044.png,1,1,1,0
Fetus2_045.png,1,1,1,0
Fetus2_046.png,1,1,1,0
Fetus2_047.png,1,1,1,0
Fetus2_048.png,1,1,1,0
Fetus2_049.png,1,1,1,0
Fetus2_050.png,1,1,1,0
Fetus2_051.png,1,1,1,0
Fetus2_052.png,1,1,1,0
Fetus2_053.png,1,1,1,0
Fetus2_054.png,1,1,1,0
Fetus2_055.png,1,1,1,0
Fetus2_056.png,1,1,1,0
Fetus2_057.png,1,1,1,0
Fetus2_058.png,1,1,1,0
Fetus2_059.png,1,1,1,0
Fetus2_060.png,1,1,1,0
Fetus2_061.png,1,1,1,0
Fetus2_062.png,1,1,1,0
Fetus2_063.png,1,1,1,0
Fetus2_064.png,1,1,1,0
Fetus2_065.png,1,1,1,0
Fetus2_066.png,1,1,1,0
Fetus2_067.png,1,1,1,0
Fetus2_068.png,1,1,1,0
Fetus2_069.png,1,1,1,0
Fetus2_070.png,1,1,1,0
Fetus2_071.png,1,1,1,0
Fetus2_072.png,1,1,1,0
Fetus2_073.png,1,1,1,0
Fetus2_074.png,1,1,1,0
Fetus2_075.png,1,1,1,0
Fetus2_076.png,1,1,1,0
Fetus2_077.png,1,1,1,0
Fetus2_078.png,1,1,1,0
Fetus2_079.png,1,1,1,0
Fetus2_080.png,1,1,1,0
Fetus2_081.png,1,1,1,0
Fetus2_082.png,1,1,1,0
Fetus2_083.png,1,1,1,0
Fetus2_084.png,1,1,1,0
Fetus2_085.png,1,1,1,0
Fetus2_086.png,1,1,1,0
Fetus2_087.png,1,1,1,0
Fetus2_088.png,1,1,1,0
Fetus2_089.png,1,1,1,0
Fetus2_090.png,1,1,1,0
Fetus9_023.png,1,1,1,0
Fetus9_024.png,1,1,1,0
Fetus9_025.png,1,1,1,0
Fetus9_026.png,1,1,1,0
Fetus9_027.png,1,1,1,0
Fetus9_028.png,1,1,1,0
Fetus9_029.png,1,1,1,0
Fetus9_030.png,1,1,1,0
Fetus9_031.png,1,1,1,0
Fetus9_032.png,1,1,1,0
Fetus9_033.png,1,1,1,0
Fetus9_034.png,1,1,1,0
Fetus9_035.png,1,1,1,0
Fetus9_036.png,1,1,1,0
Fetus9_037.png,1,1,1,0
Fetus9_038.png,1,1,1,0
Fetus9_039.png,1,1,1,0
Fetus9_040.png,1,1,1,0
Fetus9_041.png,1,1,1,0
Fetus9_042.png,1,1,1,0
Fetus9_043.png,1,1,1,0
Fetus9_044.png,1,1,1,0
Fetus9_045.png,1,1,1,0
Fetus9_046.png,1,1,1,0
Fetus9_047.png,1,1,1,0
Fetus9_048.png,1,1,1,0
Fetus9_049.png,1,1,1,0
Fetus9_050.png,1,1,1,0
Fetus9_051.png,1,1,1,0
Fetus9_052.png,1,1,1,0
Fetus9_053.png,1,1,1,0
Fetus9_054.png,1,1,1,0
Fetus9_055.png,1,1,1,0
Fetus9_056.png,1,1,1,0
Fetus9_057.png,1,1,1,0
Fetus9_058.png,1,1,1,0
Fetus9_059.png,1,1,1,0
Fetus9_060.png,1,1,1,0
Fetus9_061.png,1,1,1,0
Fetus9_062.png,1,1,1,0
Fetus9_063.png,1,1,1,0
Fetus9_064.png,1,1,1,0
Fetus9_065.png,1,1,1,0
Fetus9_066.png,1,1,1,0
Fetus9_067.png,1,1,1,0
Fetus9_068.png,1,1,1,0
Fetus9_069.png,1,1,1,0
Fetus9_070.png,1,1,1,0
Fetus9_071.png,1,1,1,0
Fetus9_072.png,1,1,1,0
Fetus9_073.png,1,1,1,0
Fetus9_074.png,1,1,1,0
Fetus9_075.png,1,1,1,0
Fetus9_076.png,1,1,1,0
Fetus9_077.png,1,1,1,0
Fetus9_078.png,1,1,1,0
Fetus9_079.png,1,1,1,0
Fetus9_080.png,1,1,1,0
Fetus9_081.png,1,1,1,0
Fetus9_082.png,1,1,1,0
Fetus9_083.png,1,1,1,0
Fetus9_084.png,1,1,1,0
Fetus9_085.png,1,1,1,0
Fetus9_086.png,1,1,1,0
Fetus9_087.png,1,1,1,0
Fetus9_088.png,1,1,1,0
Fetus9_089.png,1,1,1,0
Fetus9_090.png,1,1,1,0
Fetus9_091.png,1,1,1,0
Fetus9_092.png,1,1,1,0
Fetus9_093.png,1,1,1,0
Fetus9_094.png,1,1,1,0
Fetus9_095.png,1,1,1,0
FMS0339_030.png,1,1,1,0
FMS0339_031.png,1,1,1,0
FMS0339_032.png,1,1,1,0
FMS0339_033.png,1,1,1,0
FMS0339_034.png,1,1,1,0
FMS0339_035.png,1,1,1,0
FMS0339_036.png,1,1,1,0
FMS0339_037.png,1,1,1,0
FMS0339_038.png,1,1,1,0
FMS0339_039.png,1,1,1,0
FMS0339_040.png,1,1,1,0
FMS0339_041.png,1,1,1,0
FMS0339_042.png,1,1,1,0
FMS0339_043.png,1,1,1,0
FMS0339_044.png,1,1,1,0
FMS0339_045.png,1,1,1,0
FMS0339_046.png,1,1,1,0
FMS0339_047.png,1,1,1,0
FMS0339_048.png,1,1,1,0
FMS0339_049.png,1,1,1,0
FMS0339_050.png,1,1,1,0
FMS0339_051.png,1,1,1,0
FMS0339_052.png,1,1,1,0
FMS0339_053.png,1,1,1,0
FMS0339_054.png,1,1,1,0
FMS0339_055.png,1,1,1,0
FMS0339_056.png,1,1,1,0
FMS0339_057.png,1,1,1,0
FMS0339_058.png,1,1,1,0
FMS0339_059.png,1,1,1,0
FMS0339_060.png,1,1,1,0
FMS0339_061.png,1,1,1,0
FMS0339_062.png,1,1,1,0
FMS0339_063.png,1,1,1,0
FMS0339_064.png,1,1,1,0
FMS0339_065.png,1,1,1,0
FMS0339_066.png,1,1,1,0
FMS0339_067.png,1,1,1,0
FMS0339_068.png,1,1,1,0
FMS0339_069.png,1,1,1,0
FMS0339_070.png,1,1,1,0
FMS0339_071.png,1,1,1,0
FMS0339_072.png,1,1,1,0
FMS0339_073.png,1,1,1,0
FMS0339_074.png,1,1,1,0
FMS0339_075.png,1,1,1,0
FMS0339_076.png,1,1,1,0
FMS0339_077.png,1,1,1,0
FMS0339_078.png,1,1,1,0
FMS0339_079.png,1,1,1,0
FMS0339_080.png,1,1,1,0
FMS0339_081.png,1,1,1,0
FMS0339_082.png,1,1,1,0
FMS0339_083.png,1,1,1,0
FMS0339_084.png,1,1,1,0
FMS0339_085.png,1,1,1,0
FMS0339_086.png,1,1,1,0
FMS0339_087.png,1,1,1,0
FMS0339_088.png,1,1,1,0
FMS0339_089.png,1,1,1,0
FMS0339_090.png,1,1,1,0
FMS0339_091.png,1,1,1,0
FMS0339_092.png,1,1,1,0
FMS0339_093.png,1,1,1,0
FMS122_019.png,1,1,1,0
FMS122_020.png,1,1,1,0
FMS122_021.png,1,1,1,0
FMS122_022.png,1,1,1,0
FMS122_023.png,1,1,1,0
FMS122_024.png,1,1,1,0
FMS122_025.png,1,1,1,0
FMS122_026.png,1,1,1,0
FMS122_027.png,1,1,1,0
FMS122_028.png,1,1,1,0
FMS122_029.png,1,1,1,0
FMS122_030.png,1,1,1,0
FMS122_031.png,1,1,1,0
FMS122_032.png,1,1,1,0
FMS122_033.png,1,1,1,0
FMS122_034.png,1,1,1,0
FMS122_035.png,1,1,1,0
FMS122_036.png,1,1,1,0
FMS122_037.png,1,1,1,0
FMS122_038.png,1,1,1,0
FMS122_039.png,1,1,1,0
FMS122_040.png,1,1,1,0
FMS122_041.png,1,1,1,0
FMS122_042.png,1,1,1,0
FMS122_043.png,1,1,1,0
FMS122_044.png,1,1,1,0
CON10_022.png,1,1,0,0
CON10_023.png,1,1,0,0
CON10_024.png,1,1,0,0
CON10_025.png,1,1,0,0
CON10_026.png,1,1,0,0
CON10_027.png,1,1,0,0
CON10_028.png,1,1,0,0
CON10_029.png,1,1,0,0
CON10_030.png,1,1,0,0
CON10_031.png,1,1,0,0
CON10_032.png,1,1,0,0
CON10_033.png,1,1,0,0
CON10_034.png,1,1,0,0
CON10_035.png,1,1,0,0
CON10_036.png,1,1,0,0
CON10_037.png,1,1,0,0
CON10_038.png,1,1,0,0
CON10_039.png,1,1,0,0
CON10_040.png,1,1,0,0
CON10_041.png,1,1,0,0
CON10_042.png,1,1,0,0
CON10_043.png,1,1,0,0
CON10_044.png,1,1,0,0
CON10_045.png,1,1,0,0
CON10_046.png,1,1,0,0
CON10_047.png,1,1,0,0
CON10_048.png,1,1,0,0
CON10_049.png,1,1,0,0
CON10_050.png,1,1,0,0
CON10_051.png,1,1,0,0
CON10_052.png,1,1,0,0
CON10_053.png,1,1,0,0
CON10_054.png,1,1,0,0
CON10_055.png,1,1,0,0
CON10_056.png,1,1,0,0
CON10_057.png,1,1,0,0
CON10_058.png,1,1,0,0
CON10_059.png,1,1,0,0
CON10_060.png,1,1,0,0
CON10_061.png,1,1,0,0
CON10_062.png,1,1,0,0
CON10_063.png,1,1,0,0
CON10_064.png,1,1,0,0
CON10_065.png,1,1,0,0
CON10_066.png,1,1,0,0
CON10_067.png,1,1,0,0
CON10_068.png,1,1,0,0
CON10_069.png,1,1,0,0
CON10_070.png,1,1,0,0
CON10_071.png,1,1,0,0
CON10_072.png,1,1,0,0
CON10_073.png,1,1,0,0
CON10_074.png,1,1,0,0
CON10_075.png,1,1,0,0
CON10_076.png,1,1,0,0
CON10_077.png,1,1,0,0
CON10_078.png,1,1,0,0
CON10_079.png,1,1,0,0
CON10_080.png,1,1,0,0
CON10_081.png,1,1,0,0
CON10_082.png,1,1,0,0
CON10_083.png,1,1,0,0
CON10_084.png,1,1,0,0
CON10_085.png,1,1,0,0
CON10_086.png,1,1,0,0
CON10_087.png,1,1,0,0
CON10_088.png,1,1,0,0
CON10_089.png,1,1,0,0
CON10_090.png,1,1,0,0
CON19_031.png,1,1,1,0
CON19_032.png,1,1,1,0
CON19_033.png,1,1,1,0
CON19_034.png,1,1,1,0
CON19_035.png,1,1,1,0
CON19_036.png,1,1,1,0
CON19_037.png,1,1,1,0
CON19_038.png,1,1,1,0
CON19_039.png,1,1,1,0
CON19_040.png,1,1,1,0
CON19_041.png,1,1,1,0
CON19_042.png,1,1,1,0
CON19_043.png,1,1,1,0
CON19_044.png,1,1,1,0
CON19_045.png,1,1,1,0
CON19_046.png,1,1,1,0
CON19_047.png,1,1,1,0
CON19_048.png,1,1,1,0
CON19_049.png,1,1,1,0
CON19_050.png,1,1,1,0
CON19_051.png,1,1,1,0
CON19_052.png,1,1,1,0
CON19_053.png,1,1,1,0
CON19_054.png,1,1,1,0
CON19_055.png,1,1,1,0
CON19_056.png,1,1,1,0
CON19_057.png,1,1,1,0
CON19_058.png,1,1,1,0
CON19_059.png,1,1,1,0
CON19_060.png,1,1,1,0
CON19_061.png,1,1,1,0
CON19_062.png,1,1,1,0
CON19_063.png,1,1,1,0
CON19_064.png,1,1,1,0
CON19_065.png,1,1,1,0
CON19_066.png,1,1,1,0
CON19_067.png,1,1,1,0
CON19_068.png,1,1,1,0
CON19_069.png,1,1,1,0
CON19_070.png,1,1,1,0
CON19_071.png,1,1,1,0
CON19_072.png,1,1,1,0
CON19_073.png,1,1,1,0
CON19_074.png,1,1,1,0
CON19_075.png,1,1,1,0
CON19_076.png,1,1,1,0
CON19_077.png,1,1,1,0
CON19_078.png,1,1,1,0
CON19_079.png,1,1,1,0
CON19_080.png,1,1,1,0
CON19_081.png,1,1,1,0
CON19_082.png,1,1,1,0
CON19_083.png,1,1,1,0
CON19_084.png,1,1,1,0
CON19_085.png,1,1,1,0
CON19_086.png,1,1,1,0
CON19_087.png,1,1,1,0
CON19_088.png,1,1,1,0
CON19_089.png,1,1,1,0
CON19_090.png,1,1,1,0
CON19_091.png,1,1,1,0
CON19_092.png,1,1,1,0
CON19_093.png,1,1,1,0
CON19_094.png,1,1,1,0
CON19_095.png,1,1,1,0
CON19_096.png,1,1,1,0
CON19_097.png,1,1,1,0
CON19_098.png,1,1,1,0
CON19_099.png,1,1,1,0
CON19_100.png,1,1,1,0
CON19_101.png,1,1,1,0
CON19_102.png,1,1,1,0
CON19_103.png,1,1,1,0
CON9_026.png,1,1,0,0
CON9_027.png,1,1,0,0
CON9_028.png,1,1,0,0
CON9_029.png,1,1,0,0
CON9_030.png,1,1,0,0
CON9_031.png,1,1,0,0
CON9_032.png,1,1,0,0
CON9_033.png,1,1,0,0
CON9_034.png,1,1,0,0
CON9_035.png,1,1,0,0
CON9_036.png,1,1,0,0
CON9_037.png,1,1,0,0
CON9_038.png,1,1,0,0
CON9_039.png,1,1,0,0
CON9_040.png,1,1,0,0
CON9_041.png,1,1,0,0
CON9_042.png,1,1,0,0
CON9_043.png,1,1,0,0
CON9_044.png,1,1,0,0
CON9_045.png,1,1,0,0
CON9_046.png,1,1,0,0
CON9_047.png,1,1,0,0
CON9_048.png,1,1,0,0
CON9_049.png,1,1,0,0
CON9_050.png,1,1,0,0
CON9_051.png,1,1,0,0
CON9_052.png,1,1,0,0
CON9_053.png,1,1,0,0
CON9_054.png,1,1,0,0
CON9_055.png,1,1,0,0
CON9_056.png,1,1,0,0
CON9_057.png,1,1,0,0
CON9_058.png,1,1,0,0
CON9_059.png,1,1,0,0
CON9_060.png,1,1,0,0
CON9_061.png,1,1,0,0
CON9_062.png,1,1,0,0
CON9_063.png,1,1,0,0
CON9_064.png,1,1,0,0
CON9_065.png,1,1,0,0
CON9_066.png,1,1,0,0
CON9_067.png,1,1,0,0
CON9_068.png,1,1,0,0
CON9_069.png,1,1,0,0
CON9_070.png,1,1,0,0
CON9_071.png,1,1,0,0
CON9_072.png,1,1,0,0
CON9_073.png,1,1,0,0
CON9_074.png,1,1,0,0
CON9_075.png,1,1,0,0
CON9_076.png,1,1,0,0
CON9_077.png,1,1,0,0
CON9_078.png,1,1,0,0
CON9_079.png,1,1,0,0
CON9_080.png,1,1,0,0
CON9_081.png,1,1,0,0
CON9_082.png,1,1,0,0
CON9_083.png,1,1,0,0
CON9_084.png,1,1,0,0
CON9_085.png,1,1,0,0
CON9_086.png,1,1,0,0
CON9_087.png,1,1,0,0
CON9_088.png,1,1,0,0
CON9_089.png,1,1,0,0
Ex14_010.png,1,1,1,0
Ex14_011.png,1,1,1,0
Ex14_012.png,1,1,1,0
Ex14_013.png,1,1,1,0
Ex14_014.png,1,1,1,0
Ex14_015.png,1,1,1,0
Ex14_016.png,1,1,1,0
Ex14_017.png,1,1,1,0
Ex14_018.png,1,1,1,0
Ex14_019.png,1,1,1,0
Ex14_020.png,1,1,1,0
Ex14_021.png,1,1,1,0
Ex14_022.png,1,1,1,0
Ex14_023.png,1,1,1,0
Ex14_024.png,1,1,1,0
Ex14_025.png,1,1,1,0
Ex14_026.png,1,1,1,0
Ex14_027.png,1,1,1,0
Ex14_028.png,1,1,1,0
Ex14_029.png,1,1,1,0
Ex14_030.png,1,1,1,0
Ex14_031.png,1,1,1,0
Ex14_032.png,1,1,1,0
Ex14_033.png,1,1,1,0
Ex14_034.png,1,1,1,0
Ex14_035.png,1,1,1,0
Ex14_036.png,1,1,1,0
Ex14_037.png,1,1,1,0
Ex14_038.png,1,1,1,0
Ex14_039.png,1,1,1,0
Ex14_040.png,1,1,1,0
Ex14_041.png,1,1,1,0
Ex14_042.png,1,1,1,0
Ex14_043.png,1,1,1,0
Ex14_044.png,1,1,1,0
Ex14_045.png,1,1,1,0
Ex14_046.png,1,1,1,0
Ex14_047.png,1,1,1,0
Ex14_048.png,1,1,1,0
Ex14_049.png,1,1,1,0
Ex14_050.png,1,1,1,0
Ex14_051.png,1,1,1,0
Ex14_052.png,1,1,1,0
Ex14_053.png,1,1,1,0
Ex14_054.png,1,1,1,0
Ex14_055.png,1,1,1,0
Ex14_056.png,1,1,1,0
Ex14_057.png,1,1,1,0
Ex14_058.png,1,1,1,0
Ex14_059.png,1,1,1,0
Ex14_060.png,1,1,1,0
Ex14_061.png,1,1,1,0
Ex14_062.png,1,1,1,0
Ex14_063.png,1,1,1,0
Ex14_064.png,1,1,1,0
Ex14_065.png,1,1,1,0
Ex14_066.png,1,1,1,0
Ex14_067.png,1,1,1,0
Ex14_068.png,1,1,1,0
Ex14_069.png,1,1,1,0
Ex14_070.png,1,1,1,0
Ex14_071.png,1,1,1,0
Ex14_072.png,1,1,1,0
Ex14_073.png,1,1,1,0
Ex14_074.png,1,1,1,0
Ex14_075.png,1,1,1,0
Ex14_076.png,1,1,1,0
Ex14_077.png,1,1,1,0
Ex14_078.png,1,1,1,0
Ex14_079.png,1,1,1,0
Ex14_080.png,1,1,1,0
Ex14_081.png,1,1,1,0
Ex14_082.png,1,1,1,0
Ex14_083.png,1,1,1,0
Ex14_084.png,1,1,1,0
Ex14_085.png,1,1,1,0
Ex14_086.png,1,1,1,0
Ex14_087.png,1,1,1,0
Ex14_088.png,1,1,1,0
Ex14_089.png,1,1,1,0
Ex14_090.png,1,1,1,0
Ex14_091.png,1,1,1,0
Ex14_092.png,1,1,1,0
Ex14_093.png,1,1,1,0
Ex14_094.png,1,1,1,0
Ex14_095.png,1,1,1,0
Ex14_096.png,1,1,1,0
Ex14_097.png,1,1,1,0
EX4_018.png,1,1,1,0
EX4_019.png,1,1,1,0
EX4_020.png,1,1,1,0
EX4_021.png,1,1,1,0
EX4_022.png,1,1,1,0
EX4_023.png,1,1,1,0
EX4_024.png,1,1,1,0
EX4_025.png,1,1,1,0
EX4_026.png,1,1,1,0
EX4_027.png,1,1,1,0
EX4_028.png,1,1,1,0
EX4_029.png,1,1,1,0
EX4_030.png,1,1,1,0
EX4_031.png,1,1,1,0
EX4_032.png,1,1,1,0
EX4_033.png,1,1,1,0
EX4_034.png,1,1,1,0
EX4_035.png,1,1,1,0
EX4_036.png,1,1,1,0
EX4_037.png,1,1,1,0
EX4_038.png,1,1,1,0
EX4_039.png,1,1,1,0
EX4_040.png,1,1,1,0
EX4_041.png,1,1,1,0
EX4_042.png,1,1,1,0
EX4_043.png,1,1,1,0
EX4_044.png,1,1,1,0
EX4_045.png,1,1,1,0
EX4_046.png,1,1,1,0
EX4_047.png,1,1,1,0
EX4_048.png,1,1,1,0
EX4_049.png,1,1,1,0
EX4_050.png,1,1,1,0
EX9_020.png,1,1,1,0
EX9_021.png,1,1,1,0
EX9_022.png,1,1,1,0
EX9_023.png,1,1,1,0
EX9_024.png,1,1,1,0
EX9_025.png,1,1,1,0
EX9_026.png,1,1,1,0
EX9_027.png,1,1,1,0
EX9_028.png,1,1,1,0
EX9_029.png,1,1,1,0
EX9_030.png,1,1,1,0
EX9_031.png,1,1,1,0
EX9_032.png,1,1,1,0
EX9_033.png,1,1,1,0
EX9_034.png,1,1,1,0
EX9_035.png,1,1,1,0
EX9_036.png,1,1,1,0
EX9_037.png,1,1,1,0
EX9_038.png,1,1,1,0
EX9_039.png,1,1,1,0
EX9_040.png,1,1,1,0
EX9_041.png,1,1,1,0
EX9_042.png,1,1,1,0
EX9_043.png,1,1,1,0
EX9_044.png,1,1,1,0
EX9_045.png,1,1,1,0
EX9_046.png,1,1,1,0
EX9_047.png,1,1,1,0
EX9_048.png,1,1,1,0
EX9_049.png,1,1,1,0
EX9_050.png,1,1,1,0
EX9_051.png,1,1,1,0
EX9_052.png,1,1,1,0
EX9_053.png,1,1,1,0
EX9_054.png,1,1,1,0
EX9_055.png,1,1,1,0
EX9_056.png,1,1,1,0
EX9_057.png,1,1,1,0
EX9_058.png,1,1,1,0
EX9_059.png,1,1,1,0
EX9_060.png,1,1,1,0
EX9_061.png,1,1,1,0
EX9_062.png,1,1,1,0
EX9_063.png,1,1,1,0
EX9_064.png,1,1,1,0
EX9_065.png,1,1,1,0
EX9_066.png,1,1,1,0
EX9_067.png,1,1,1,0
EX9_068.png,1,1,1,0
EX9_069.png,1,1,1,0
EX9_070.png,1,1,1,0
EX9_071.png,1,1,1,0
EX9_072.png,1,1,1,0
EX9_073.png,1,1,1,0
EX9_074.png,1,1,1,0
EX9_075.png,1,1,1,0
EX9_076.png,1,1,1,0
EX9_077.png,1,1,1,0
EX9_078.png,1,1,1,0
EX9_079.png,1,1,1,0
EX9_080.png,1,1,1,0
EX9_081.png,1,1,1,0
EX9_082.png,1,1,1,0
EX9_083.png,1,1,1,0
EX9_084.png,1,1,1,0
EX9_085.png,1,1,1,0
EX9_086.png,1,1,1,0
EX9_087.png,1,1,1,0
EX9_088.png,1,1,1,0
EX9_089.png,1,1,1,0
EX9_090.png,1,1,1,0
EX9_091.png,1,1,1,0
Fetus19_019.png,1,1,1,0
Fetus19_020.png,1,1,1,0
Fetus19_021.png,1,1,1,0
Fetus19_022.png,1,1,1,0
Fetus19_023.png,1,1,1,0
Fetus19_024.png,1,1,1,0
Fetus19_025.png,1,1,1,0
Fetus19_026.png,1,1,1,0
Fetus19_027.png,1,1,1,0
Fetus19_028.png,1,1,1,0
Fetus19_029.png,1,1,1,0
Fetus19_030.png,1,1,1,0
Fetus19_031.png,1,1,1,0
Fetus19_032.png,1,1,1,0
Fetus19_033.png,1,1,1,0
Fetus19_034.png,1,1,1,0
Fetus19_035.png,1,1,1,0
Fetus19_036.png,1,1,1,0
Fetus19_037.png,1,1,1,0
Fetus19_038.png,1,1,1,0
Fetus19_039.png,1,1,1,0
Fetus19_040.png,1,1,1,0
Fetus19_041.png,1,1,1,0
Fetus20_013.png,1,1,1,0
Fetus20_014.png,1,1,1,0
Fetus20_015.png,1,1,1,0
Fetus20_016.png,1,1,1,0
Fetus20_017.png,1,1,1,0
Fetus20_018.png,1,1,1,0
Fetus20_019.png,1,1,1,0
Fetus20_020.png,1,1,1,0
Fetus20_021.png,1,1,1,0
Fetus20_022.png,1,1,1,0
Fetus20_023.png,1,1,1,0
Fetus20_024.png,1,1,1,0
Fetus20_025.png,1,1,1,0
Fetus20_026.png,1,1,1,0
Fetus20_027.png,1,1,1,0
Fetus20_028.png,1,1,1,0
Fetus20_029.png,1,1,1,0
Fetus20_030.png,1,1,1,0
Fetus20_031.png,1,1,1,0
Fetus20_032.png,1,1,1,0
Fetus20_033.png,1,1,1,0
Fetus20_034.png,1,1,1,0
Fetus20_035.png,1,1,1,0
Fetus20_036.png,1,1,1,0
Fetus20_037.png,1,1,1,0
Fetus20_038.png,1,1,1,0
Fetus20_039.png,1,1,1,0
Fetus20_040.png,1,1,1,0
Fetus20_041.png,1,1,1,0
Fetus20_042.png,1,1,1,0
Fetus20_043.png,1,1,1,0
Fetus20_044.png,1,1,1,0
Fetus20_045.png,1,1,1,0
Fetus20_046.png,1,1,1,0
Fetus20_047.png,1,1,1,0
Fetus20_048.png,1,1,1,0
Fetus20_049.png,1,1,1,0
Fetus20_050.png,1,1,1,0
Fetus20_051.png,1,1,1,0
Fetus20_052.png,1,1,1,0
Fetus20_053.png,1,1,1,0
Fetus26_019.png,1,1,1,0
Fetus26_020.png,1,1,1,0
Fetus26_021.png,1,1,1,0
Fetus26_022.png,1,1,1,0
Fetus26_023.png,1,1,1,0
Fetus26_024.png,1,1,1,0
Fetus26_025.png,1,1,1,0
Fetus26_026.png,1,1,1,0
Fetus26_027.png,1,1,1,0
Fetus26_028.png,1,1,1,0
Fetus26_029.png,1,1,1,0
Fetus26_030.png,1,1,1,0
Fetus26_031.png,1,1,1,0
Fetus26_032.png,1,1,1,0
Fetus26_033.png,1,1,1,0
Fetus26_034.png,1,1,1,0
Fetus26_035.png,1,1,1,0
Fetus26_036.png,1,1,1,0
Fetus26_037.png,1,1,1,0
Fetus26_038.png,1,1,1,0
Fetus26_039.png,1,1,1,0
Fetus26_040.png,1,1,1,0
Fetus26_041.png,1,1,1,0
Fetus26_042.png,1,1,1,0
Fetus26_043.png,1,1,1,0
Fetus26_044.png,1,1,1,0
Fetus26_045.png,1,1,1,0
Fetus26_046.png,1,1,1,0
Fetus26_047.png,1,1,1,0
Fetus26_048.png,1,1,1,0
Fetus26_049.png,1,1,1,0
Fetus26_050.png,1,1,1,0
Fetus26_051.png,1,1,1,0
Fetus26_052.png,1,1,1,0
Fetus26_053.png,1,1,1,0
Fetus26_054.png,1,1,1,0
Fetus26_055.png,1,1,1,0
Fetus26_056.png,1,1,1,0
Fetus26_057.png,1,1,1,0
Fetus26_058.png,1,1,1,0
Fetus26_059.png,1,1,1,0
Fetus26_060.png,1,1,1,0
Fetus26_061.png,1,1,1,0
Fetus26_062.png,1,1,1,0
Fetus26_063.png,1,1,1,0
Fetus26_064.png,1,1,1,0
Fetus26_065.png,1,1,1,0
Fetus26_066.png,1,1,1,0
Fetus26_067.png,1,1,1,0
Fetus26_068.png,1,1,1,0
Fetus26_069.png,1,1,1,0
Fetus26_070.png,1,1,1,0
Fetus26_071.png,1,1,1,0
Fetus26_072.png,1,1,1,0
Fetus26_073.png,1,1,1,0
Fetus26_074.png,1,1,1,0
Fetus26_075.png,1,1,1,0
Fetus26_076.png,1,1,1,0
Fetus26_077.png,1,1,1,0
Fetus26_078.png,1,1,1,0
Fetus26_079.png,1,1,1,0
Fetus26_080.png,1,1,1,0
Fetus26_081.png,1,1,1,0
Fetus26_082.png,1,1,1,0
Fetus26_083.png,1,1,1,0
Fetus26_084.png,1,1,1,0
Fetus26_085.png,1,1,1,0
Fetus26_086.png,1,1,1,0
Fetus26_087.png,1,1,1,0
Fetus26_088.png,1,1,1,0
Fetus26_089.png,1,1,1,0
Fetus26_090.png,1,1,1,0
Fetus26_091.png,1,1,1,0
Fetus26_092.png,1,1,1,0
Fetus26_093.png,1,1,1,0
Fetus26_094.png,1,1,1,0
Fetus26_095.png,1,1,1,0
Fetus26_096.png,1,1,1,0
Fetus26_097.png,1,1,1,0
Fetus26_098.png,1,1,1,0
Fetus26_099.png,1,1,1,0
Fetus26_100.png,1,1,1,0
Fetus26_101.png,1,1,1,0
Fetus26_102.png,1,1,1,0
Fetus26_103.png,1,1,1,0
Fetus26_104.png,1,1,1,0
Fetus26_105.png,1,1,1,0
Fetus26_106.png,1,1,1,0
Fetus26_107.png,1,1,1,0
Fetus26_108.png,1,1,1,0
Fetus26_109.png,1,1,1,0
Fetus26_110.png,1,1,1,0
Fetus3_024.png,1,1,1,0
Fetus3_025.png,1,1,1,0
Fetus3_026.png,1,1,1,0
Fetus3_027.png,1,1,1,0
Fetus3_028.png,1,1,1,0
Fetus3_029.png,1,1,1,0
Fetus3_030.png,1,1,1,0
Fetus3_031.png,1,1,1,0
Fetus3_032.png,1,1,1,0
Fetus3_033.png,1,1,1,0
Fetus3_034.png,1,1,1,0
Fetus3_035.png,1,1,1,0
Fetus3_036.png,1,1,1,0
Fetus3_037.png,1,1,1,0
Fetus3_038.png,1,1,1,0
Fetus3_039.png,1,1,1,0
Fetus3_040.png,1,1,1,0
Fetus3_041.png,1,1,1,0
Fetus3_042.png,1,1,1,0
Fetus3_043.png,1,1,1,0
Fetus3_044.png,1,1,1,0
Fetus3_045.png,1,1,1,0
Fetus3_046.png,1,1,1,0
Fetus3_047.png,1,1,1,0
Fetus3_048.png,1,1,1,0
Fetus3_049.png,1,1,1,0
Fetus3_050.png,1,1,1,0
Fetus3_051.png,1,1,1,0
Fetus3_052.png,1,1,1,0
Fetus3_053.png,1,1,1,0
Fetus3_054.png,1,1,1,0
Fetus3_055.png,1,1,1,0
Fetus3_056.png,1,1,1,0
Fetus3_057.png,1,1,1,0
Fetus3_058.png,1,1,1,0
Fetus3_059.png,1,1,1,0
Fetus3_060.png,1,1,1,0
Fetus3_061.png,1,1,1,0
Fetus3_062.png,1,1,1,0
Fetus3_063.png,1,1,1,0
Fetus3_064.png,1,1,1,0
Fetus3_065.png,1,1,1,0
Fetus3_066.png,1,1,1,0
Fetus3_067.png,1,1,1,0
Fetus3_068.png,1,1,1,0
Fetus3_069.png,1,1,1,0
Fetus3_070.png,1,1,1,0
Fetus3_071.png,1,1,1,0
Fetus3_072.png,1,1,1,0
Fetus3_073.png,1,1,1,0
Fetus3_074.png,1,1,1,0
Fetus3_075.png,1,1,1,0
Fetus3_076.png,1,1,1,0
Fetus3_077.png,1,1,1,0
Fetus3_078.png,1,1,1,0
Fetus3_079.png,1,1,1,0
Fetus3_080.png,1,1,1,0
Fetus3_081.png,1,1,1,0
Fetus3_082.png,1,1,1,0
Fetus3_083.png,1,1,1,0
Fetus3_084.png,1,1,1,0
Fetus3_085.png,1,1,1,0
Fetus3_086.png,1,1,1,0
Fetus3_087.png,1,1,1,0
Fetus3_088.png,1,1,1,0
Fetus3_089.png,1,1,1,0
Fetus3_090.png,1,1,1,0
Fetus3_091.png,1,1,1,0
Fetus3_092.png,1,1,1,0
Fetus4_015.png,1,1,1,0
Fetus4_016.png,1,1,1,0
Fetus4_017.png,1,1,1,0
Fetus4_018.png,1,1,1,0
Fetus4_019.png,1,1,1,0
Fetus4_020.png,1,1,1,0
Fetus4_021.png,1,1,1,0
Fetus4_022.png,1,1,1,0
Fetus4_023.png,1,1,1,0
Fetus4_024.png,1,1,1,0
Fetus4_025.png,1,1,1,0
Fetus4_026.png,1,1,1,0
Fetus4_027.png,1,1,1,0
Fetus4_028.png,1,1,1,0
Fetus4_029.png,1,1,1,0
Fetus4_030.png,1,1,1,0
Fetus4_031.png,1,1,1,0
Fetus4_032.png,1,1,1,0
Fetus4_033.png,1,1,1,0
Fetus4_034.png,1,1,1,0
Fetus4_035.png,1,1,1,0
Fetus4_036.png,1,1,1,0
Fetus4_037.png,1,1,1,0
Fetus4_038.png,1,1,1,0
Fetus4_039.png,1,1,1,0
Fetus4_040.png,1,1,1,0
Fetus4_041.png,1,1,1,0
Fetus4_042.png,1,1,1,0
Fetus4_043.png,1,1,1,0
Fetus4_044.png,1,1,1,0
Fetus4_045.png,1,1,1,0
Fetus4_046.png,1,1,1,0
Fetus4_047.png,1,1,1,0
Fetus4_048.png,1,1,1,0
Fetus4_049.png,1,1,1,0
Fetus4_050.png,1,1,1,0
Fetus4_051.png,1,1,1,0
Fetus4_052.png,1,1,1,0
Fetus4_053.png,1,1,1,0
Fetus4_054.png,1,1,1,0
Fetus4_055.png,1,1,1,0
Fetus4_056.png,1,1,1,0
Fetus4_057.png,1,1,1,0
Fetus4_058.png,1,1,1,0
Fetus4_059.png,1,1,1,0
Fetus4_060.png,1,1,1,0
Fetus4_061.png,1,1,1,0
Fetus4_062.png,1,1,1,0
Fetus4_063.png,1,1,1,0
Fetus4_064.png,1,1,1,0
Fetus4_065.png,1,1,1,0
Fetus4_066.png,1,1,1,0
Fetus4_067.png,1,1,1,0
Fetus4_068.png,1,1,1,0
Fetus4_069.png,1,1,1,0
Fetus4_070.png,1,1,1,0
Fetus4_071.png,1,1,1,0
Fetus4_072.png,1,1,1,0
Fetus4_073.png,1,1,1,0
Fetus4_074.png,1,1,1,0
Fetus4_075.png,1,1,1,0
Fetus4_076.png,1,1,1,0
Fetus4_077.png,1,1,1,0
Fetus4_078.png,1,1,1,0
Fetus4_079.png,1,1,1,0
Fetus4_080.png,1,1,1,0
Fetus4_081.png,1,1,1,0
Fetus4_082.png,1,1,1,0
Fetus4_083.png,1,1,1,0
Fetus4_084.png,1,1,1,0
Fetus4_085.png,1,1,1,0
Fetus4_086.png,1,1,1,0
Fetus4_087.png,1,1,1,0
Fetus4_088.png,1,1,1,0
Fetus4_089.png,1,1,1,0
Fetus4_090.png,1,1,1,0
Fetus5_014.png,1,1,1,0
Fetus5_015.png,1,1,1,0
Fetus5_016.png,1,1,1,0
Fetus5_017.png,1,1,1,0
Fetus5_018.png,1,1,1,0
Fetus5_019.png,1,1,1,0
Fetus5_020.png,1,1,1,0
Fetus5_021.png,1,1,1,0
Fetus5_022.png,1,1,1,0
Fetus5_023.png,1,1,1,0
Fetus5_024.png,1,1,1,0
Fetus5_025.png,1,1,1,0
Fetus5_026.png,1,1,1,0
Fetus5_027.png,1,1,1,0
Fetus5_028.png,1,1,1,0
Fetus5_029.png,1,1,1,0
Fetus5_030.png,1,1,1,0
Fetus5_031.png,1,1,1,0
Fetus5_032.png,1,1,1,0
Fetus5_033.png,1,1,1,0
Fetus5_034.png,1,1,1,0
Fetus5_035.png,1,1,1,0
Fetus5_036.png,1,1,1,0
Fetus5_037.png,1,1,1,0
Fetus5_038.png,1,1,1,0
Fetus5_039.png,1,1,1,0
Fetus5_040.png,1,1,1,0
Fetus5_041.png,1,1,1,0
Fetus5_042.png,1,1,1,0
Fetus5_043.png,1,1,1,0
Fetus5_044.png,1,1,1,0
Fetus5_045.png,1,1,1,0
Fetus5_046.png,1,1,1,0
Fetus5_047.png,1,1,1,0
Fetus5_048.png,1,1,1,0
Fetus5_049.png,1,1,1,0
Fetus5_050.png,1,1,1,0
Fetus5_051.png,1,1,1,0
Fetus5_052.png,1,1,1,0
Fetus5_053.png,1,1,1,0
Fetus5_054.png,1,1,1,0
Fetus5_055.png,1,1,1,0
Fetus5_056.png,1,1,1,0
Fetus5_057.png,1,1,1,0
Fetus5_058.png,1,1,1,0
Fetus5_059.png,1,1,1,0
Fetus5_060.png,1,1,1,0
Fetus5_061.png,1,1,1,0
Fetus5_062.png,1,1,1,0
Fetus5_063.png,1,1,1,0
Fetus5_064.png,1,1,1,0
Fetus5_065.png,1,1,1,0
Fetus5_066.png,1,1,1,0
Fetus5_067.png,1,1,1,0
Fetus5_068.png,1,1,1,0
Fetus5_069.png,1,1,1,0
Fetus5_070.png,1,1,1,0
Fetus5_071.png,1,1,1,0
Fetus5_072.png,1,1,1,0
Fetus5_073.png,1,1,1,0
Fetus5_074.png,1,1,1,0
Fetus5_075.png,1,1,1,0
Fetus5_076.png,1,1,1,0
Fetus5_077.png,1,1,1,0
Fetus5_078.png,1,1,1,0
Fetus5_079.png,1,1,1,0
Fetus5_080.png,1,1,1,0
Fetus5_081.png,1,1,1,0
Fetus5_082.png,1,1,1,0
Fetus5_083.png,1,1,1,0
Fetus5_084.png,1,1,1,0
Fetus5_085.png,1,1,1,0
Fetus5_086.png,1,1,1,0
Fetus5_087.png,1,1,1,0
Fetus5_088.png,1,1,1,0
Fetus5_089.png,1,1,1,0
Fetus5_090.png,1,1,1,0
Fetus5_091.png,1,1,1,0
Fetus5_092.png,1,1,1,0
Fetus5_093.png,1,1,1,0
Fetus5_094.png,1,1,1,0
Fetus5_095.png,1,1,1,0
Fetus5_096.png,1,1,1,0
Fetus5_097.png,1,1,1,0
Fetus5_098.png,1,1,1,0
Fetus5_099.png,1,1,1,0
Fetus5_100.png,1,1,1,0
Fetus5_101.png,1,1,1,0
Fetus5_102.png,1,1,1,0
Fetus5_103.png,1,1,1,0
Fetus5_104.png,1,1,1,0
Fetus5_105.png,1,1,1,0
Fetus5_106.png,1,1,1,0
Fetus5_107.png,1,1,1,0
Fetus5_108.png,1,1,1,0
Fetus5_109.png,1,1,1,0
Fetus6_033.png,1,1,1,0
Fetus6_034.png,1,1,1,0
Fetus6_035.png,1,1,1,0
Fetus6_036.png,1,1,1,0
Fetus6_037.png,1,1,1,0
Fetus6_038.png,1,1,1,0
Fetus6_039.png,1,1,1,0
Fetus6_040.png,1,1,1,0
Fetus6_041.png,1,1,1,0
Fetus6_042.png,1,1,1,0
Fetus6_043.png,1,1,1,0
Fetus6_044.png,1,1,1,0
Fetus6_045.png,1,1,1,0
Fetus6_046.png,1,1,1,0
Fetus6_047.png,1,1,1,0
Fetus6_048.png,1,1,1,0
Fetus6_049.png,1,1,1,0
Fetus6_050.png,1,1,1,0
Fetus6_051.png,1,1,1,0
Fetus6_052.png,1,1,1,0
Fetus6_053.png,1,1,1,0
Fetus6_054.png,1,1,1,0
Fetus6_055.png,1,1,1,0
Fetus6_056.png,1,1,1,0
Fetus6_057.png,1,1,1,0
Fetus6_058.png,1,1,1,0
Fetus6_059.png,1,1,1,0
Fetus6_060.png,1,1,1,0
Fetus6_061.png,1,1,1,0
Fetus6_062.png,1,1,1,0
Fetus6_063.png,1,1,1,0
Fetus6_064.png,1,1,1,0
Fetus6_065.png,1,1,1,0
Fetus6_066.png,1,1,1,0
Fetus6_067.png,1,1,1,0
Fetus6_068.png,1,1,1,0
Fetus6_069.png,1,1,1,0
Fetus6_070.png,1,1,1,0
Fetus6_071.png,1,1,1,0
Fetus6_072.png,1,1,1,0
Fetus6_073.png,1,1,1,0
Fetus6_074.png,1,1,1,0
Fetus6_075.png,1,1,1,0
Fetus6_076.png,1,1,1,0
Fetus6_077.png,1,1,1,0
Fetus6_078.png,1,1,1,0
Fetus6_079.png,1,1,1,0
Fetus6_080.png,1,1,1,0
Fetus6_081.png,1,1,1,0
Fetus6_082.png,1,1,1,0
Fetus6_083.png,1,1,1,0
Fetus6_084.png,1,1,1,0
Fetus6_085.png,1,1,1,0
Fetus6_086.png,1,1,1,0
Fetus6_087.png,1,1,1,0
Fetus6_088.png,1,1,1,0
Fetus6_089.png,1,1,1,0
Fetus6_090.png,1,1,1,0
Fetus6_091.png,1,1,1,0
Fetus6_092.png,1,1,1,0
Fetus6_093.png,1,1,1,0
Fetus6_094.png,1,1,1,0
Fetus6_095.png,1,1,1,0
Fetus6_096.png,1,1,1,0
Fetus6_097.png,1,1,1,0
Fetus6_098.png,1,1,1,0
Fetus6_099.png,1,1,1,0
Fetus6_100.png,1,1,1,0
Fetus6_101.png,1,1,1,0
Fetus6_102.png,1,1,1,0
Fetus6_103.png,1,1,1,0
Fetus6_104.png,1,1,1,0
Fetus6_105.png,1,1,1,0
Fetus6_106.png,1,1,1,0
Fetus6_107.png,1,1,1,0
Fetus6_108.png,1,1,1,0
Fetus6_109.png,1,1,1,0
Fetus6_110.png,1,1,1,0
Fetus6_111.png,1,1,1,0
Fetus6_112.png,1,1,1,0
Fetus6_113.png,1,1,1,0
Fetus6_114.png,1,1,1,0
Fetus8_017.png,1,1,1,0
Fetus8_018.png,1,1,1,0
Fetus8_019.png,1,1,1,0
Fetus8_020.png,1,1,1,0
Fetus8_021.png,1,1,1,0
Fetus8_022.png,1,1,1,0
Fetus8_023.png,1,1,1,0
Fetus8_024.png,1,1,1,0
Fetus8_025.png,1,1,1,0
Fetus8_026.png,1,1,1,0
Fetus8_027.png,1,1,1,0
Fetus8_028.png,1,1,1,0
Fetus8_029.png,1,1,1,0
Fetus8_030.png,1,1,1,0
Fetus8_031.png,1,1,1,0
Fetus8_032.png,1,1,1,0
Fetus8_033.png,1,1,1,0
Fetus8_034.png,1,1,1,0
Fetus8_035.png,1,1,1,0
Fetus8_036.png,1,1,1,0
Fetus8_037.png,1,1,1,0
Fetus8_038.png,1,1,1,0
Fetus8_039.png,1,1,1,0
Fetus8_040.png,1,1,1,0
Fetus8_041.png,1,1,1,0
Fetus8_042.png,1,1,1,0
Fetus8_043.png,1,1,1,0
Fetus8_044.png,1,1,1,0
Fetus8_045.png,1,1,1,0
Fetus8_046.png,1,1,1,0
Fetus8_047.png,1,1,1,0
Fetus8_048.png,1,1,1,0
Fetus8_049.png,1,1,1,0
Fetus8_050.png,1,1,1,0
Fetus8_051.png,1,1,1,0
Fetus8_052.png,1,1,1,0
Fetus8_053.png,1,1,1,0
Fetus8_054.png,1,1,1,0
Fetus8_055.png,1,1,1,0
Fetus8_056.png,1,1,1,0
Fetus8_057.png,1,1,1,0
Fetus8_058.png,1,1,1,0
Fetus8_059.png,1,1,1,0
Fetus8_060.png,1,1,1,0
Fetus8_061.png,1,1,1,0
Fetus8_062.png,1,1,1,0
Fetus8_063.png,1,1,1,0
Fetus8_064.png,1,1,1,0
Fetus8_065.png,1,1,1,0
Fetus8_066.png,1,1,1,0
Fetus8_067.png,1,1,1,0
Fetus8_068.png,1,1,1,0
Fetus8_069.png,1,1,1,0
Fetus8_070.png,1,1,1,0
Fetus8_071.png,1,1,1,0
Fetus8_072.png,1,1,1,0
Fetus8_073.png,1,1,1,0
Fetus8_074.png,1,1,1,0
Fetus8_075.png,1,1,1,0
Fetus8_076.png,1,1,1,0
Fetus8_077.png,1,1,1,0
Fetus8_078.png,1,1,1,0
Fetus8_079.png,1,1,1,0
Fetus8_080.png,1,1,1,0
Fetus8_081.png,1,1,1,0
Fetus8_082.png,1,1,1,0
Fetus8_083.png,1,1,1,0
Fetus8_084.png,1,1,1,0
Fetus8_085.png,1,1,1,0
Fetus8_086.png,1,1,1,0
Fetus8_087.png,1,1,1,0
Fetus8_088.png,1,1,1,0
Fetus8_089.png,1,1,1,0
Fetus8_090.png,1,1,1,0
Fetus8_091.png,1,1,1,0
Fetus8_092.png,1,1,1,0
Fetus8_093.png,1,1,1,0
Fetus8_094.png,1,1,1,0
Fetus8_095.png,1,1,1,0
Fetus8_096.png,1,1,1,0
Fetus8_097.png,1,1,1,0
FMS0063_014.png,1,1,0,0
FMS0063_015.png,1,1,0,0
FMS0063_016.png,1,1,0,0
FMS0063_017.png,1,1,0,0
FMS0063_018.png,1,1,0,0
FMS0063_019.png,1,1,0,0
FMS0063_020.png,1,1,0,0
FMS0063_021.png,1,1,0,0
FMS0063_022.png,1,1,0,0
FMS0063_023.png,1,1,0,0
FMS0063_024.png,1,1,0,0
FMS0063_025.png,1,1,0,0
FMS0063_026.png,1,1,0,0
FMS0063_027.png,1,1,0,0
FMS0063_028.png,1,1,0,0
FMS0063_029.png,1,1,0,0
FMS0063_030.png,1,1,0,0
FMS0063_031.png,1,1,0,0
FMS0063_032.png,1,1,0,0
FMS0063_033.png,1,1,0,0
FMS0063_034.png,1,1,0,0
FMS0063_035.png,1,1,0,0
FMS0063_036.png,1,1,0,0
FMS0063_037.png,1,1,0,0
FMS0063_038.png,1,1,0,0
FMS0063_039.png,1,1,0,0
FMS0063_040.png,1,1,0,0
FMS0063_041.png,1,1,0,0
FMS0063_042.png,1,1,0,0
EX4_051.png,1,1,1,0
EX4_052.png,1,1,1,0
EX4_053.png,1,1,1,0
EX4_054.png,1,1,1,0
EX4_055.png,1,1,1,0
EX4_056.png,1,1,1,0
EX4_057.png,1,1,1,0
EX4_058.png,1,1,1,0
EX4_059.png,1,1,1,0
EX4_060.png,1,1,1,0
EX4_061.png,1,1,1,0
EX4_062.png,1,1,1,0
EX4_063.png,1,1,1,0
EX4_064.png,1,1,1,0
EX4_065.png,1,1,1,0
EX4_066.png,1,1,1,0
EX4_067.png,1,1,1,0
EX4_068.png,1,1,1,0
EX4_069.png,1,1,1,0
EX4_070.png,1,1,1,0
EX4_071.png,1,1,1,0
EX4_072.png,1,1,1,0
EX4_073.png,1,1,1,0
EX4_074.png,1,1,1,0
EX4_075.png,1,1,1,0
EX4_076.png,1,1,1,0
EX4_077.png,1,1,1,0
EX4_078.png,1,1,1,0
EX4_079.png,1,1,1,0
EX4_080.png,1,1,1,0
EX4_081.png,1,1,1,0
EX4_082.png,1,1,1,0
EX4_083.png,1,1,1,0
EX4_084.png,1,1,1,0
EX4_085.png,1,1,1,0
EX4_086.png,1,1,1,0
EX4_087.png,1,1,1,0
EX4_088.png,1,1,1,0
EX4_089.png,1,1,1,0
EX4_090.png,1,1,1,0
EX4_091.png,1,1,1,0
EX4_092.png,1,1,1,0
EX4_093.png,1,1,1,0
EX4_094.png,1,1,1,0
EX4_095.png,1,1,1,0
EX4_096.png,1,1,1,0
EX4_097.png,1,1,1,0
EX4_098.png,1,1,1,0
EX4_099.png,1,1,1,0
EX4_100.png,1,1,1,0
EX4_101.png,1,1,1,0
EX4_102.png,1,1,1,0
EX4_103.png,1,1,1,0
EX4_104.png,1,1,1,0
EX4_105.png,1,1,1,0
EX4_106.png,1,1,1,0
EX4_107.png,1,1,1,0
EX4_108.png,1,1,1,0
EX4_109.png,1,1,1,0
EX7_047.png,0,1,1,0
EX7_048.png,0,1,1,0
EX7_049.png,0,1,1,0
EX7_050.png,0,1,1,0
EX7_051.png,0,1,1,0
EX7_052.png,0,1,1,0
EX7_053.png,0,1,1,0
EX7_054.png,0,1,1,0
EX7_055.png,0,1,1,0
EX7_056.png,0,1,1,0
EX7_057.png,0,1,1,0
EX7_058.png,0,1,1,0
EX7_059.png,0,1,1,0
EX7_060.png,0,1,1,0
EX7_061.png,0,1,1,0
EX7_062.png,0,1,1,0
EX7_063.png,0,1,1,0
EX7_064.png,0,1,1,0
EX7_065.png,0,1,1,0
EX7_066.png,0,1,1,0
EX7_067.png,0,1,1,0
EX7_068.png,0,1,1,0
EX7_069.png,0,1,1,0
EX7_070.png,0,1,1,0
EX7_071.png,0,1,1,0
EX7_072.png,0,1,1,0
EX7_073.png,0,1,1,0
EX7_074.png,0,1,1,0
EX7_075.png,0,1,1,0
EX7_076.png,0,1,1,0
EX7_077.png,0,1,1,0
EX7_078.png,0,1,1,0
EX7_079.png,0,1,1,0
EX7_080.png,0,1,1,0
EX7_081.png,0,1,1,0
EX7_082.png,0,1,1,0
EX7_083.png,0,1,1,0
EX7_084.png,0,1,1,0
EX7_085.png,0,1,1,0
EX7_086.png,0,1,1,0
EX7_087.png,0,1,1,0
EX7_088.png,0,1,1,0
EX7_089.png,0,1,1,0
EX7_090.png,0,1,1,0
EX7_091.png,0,1,1,0
EX7_092.png,0,1,1,0
Fetus10_043.png,1,1,1,0
Fetus10_044.png,1,1,1,0
Fetus10_045.png,1,1,1,0
Fetus10_046.png,1,1,1,0
Fetus10_047.png,1,1,1,0
Fetus10_048.png,1,1,1,0
Fetus10_049.png,1,1,1,0
Fetus10_050.png,1,1,1,0
Fetus10_051.png,1,1,1,0
Fetus10_052.png,1,1,1,0
Fetus10_053.png,1,1,1,0
Fetus10_054.png,1,1,1,0
Fetus10_055.png,1,1,1,0
Fetus10_056.png,1,1,1,0
Fetus10_057.png,1,1,1,0
Fetus10_058.png,1,1,1,0
Fetus10_059.png,1,1,1,0
Fetus10_060.png,1,1,1,0
Fetus10_061.png,1,1,1,0
Fetus10_062.png,1,1,1,0
Fetus10_063.png,1,1,1,0
Fetus10_064.png,1,1,1,0
Fetus10_065.png,1,1,1,0
Fetus10_066.png,1,1,1,0
Fetus10_067.png,1,1,1,0
Fetus10_068.png,1,1,1,0
Fetus10_069.png,1,1,1,0
Fetus10_070.png,1,1,1,0
Fetus10_071.png,1,1,1,0
Fetus10_072.png,1,1,1,0
Fetus10_073.png,1,1,1,0
Fetus10_074.png,1,1,1,0
Fetus10_075.png,1,1,1,0
Fetus10_076.png,1,1,1,0
Fetus10_077.png,1,1,1,0
Fetus10_078.png,1,1,1,0
Fetus19_042.png,1,1,1,0
Fetus19_043.png,1,1,1,0
Fetus19_044.png,1,1,1,0
Fetus19_045.png,1,1,1,0
Fetus19_046.png,1,1,1,0
Fetus19_047.png,1,1,1,0
Fetus19_048.png,1,1,1,0
Fetus19_049.png,1,1,1,0
Fetus19_050.png,1,1,1,0
Fetus19_051.png,1,1,1,0
Fetus19_052.png,1,1,1,0
Fetus19_053.png,1,1,1,0
Fetus19_054.png,1,1,1,0
Fetus19_055.png,1,1,1,0
Fetus19_056.png,1,1,1,0
Fetus19_057.png,1,1,1,0
Fetus19_058.png,1,1,1,0
Fetus19_059.png,1,1,1,0
Fetus19_060.png,1,1,1,0
Fetus19_061.png,1,1,1,0
Fetus19_062.png,1,1,1,0
Fetus19_063.png,1,1,1,0
Fetus19_064.png,1,1,1,0
Fetus19_065.png,1,1,1,0
Fetus19_066.png,1,1,1,0
Fetus19_067.png,1,1,1,0
Fetus19_068.png,1,1,1,0
Fetus19_069.png,1,1,1,0
Fetus19_070.png,1,1,1,0
Fetus19_071.png,1,1,1,0
Fetus19_072.png,1,1,1,0
Fetus19_073.png,1,1,1,0
Fetus19_074.png,1,1,1,0
Fetus19_075.png,1,1,1,0
Fetus19_076.png,1,1,1,0
Fetus19_077.png,1,1,1,0
Fetus19_078.png,1,1,1,0
Fetus19_079.png,1,1,1,0
Fetus19_080.png,1,1,1,0
Fetus19_081.png,1,1,1,0
Fetus19_082.png,1,1,1,0
Fetus19_083.png,1,1,1,0
Fetus19_084.png,1,1,1,0
Fetus20_054.png,1,1,1,0
Fetus20_055.png,1,1,1,0
Fetus20_056.png,1,1,1,0
Fetus20_057.png,1,1,1,0
Fetus20_058.png,1,1,1,0
Fetus20_059.png,1,1,1,0
Fetus20_060.png,1,1,1,0
Fetus20_061.png,1,1,1,0
Fetus20_062.png,1,1,1,0
Fetus20_063.png,1,1,1,0
Fetus20_064.png,1,1,1,0
Fetus20_065.png,1,1,1,0
Fetus20_066.png,1,1,1,0
Fetus20_067.png,1,1,1,0
Fetus20_068.png,1,1,1,0
Fetus20_069.png,1,1,1,0
Fetus20_070.png,1,1,1,0
Fetus20_071.png,1,1,1,0
Fetus20_072.png,1,1,1,0
Fetus20_073.png,1,1,1,0
Fetus20_074.png,1,1,1,0
Fetus20_075.png,1,1,1,0
Fetus20_076.png,1,1,1,0
Fetus20_077.png,1,1,1,0
Fetus20_078.png,1,1,1,0
Fetus20_079.png,1,1,1,0
Fetus20_080.png,1,1,1,0
Fetus20_081.png,1,1,1,0
Fetus20_082.png,1,1,1,0
Fetus20_083.png,1,1,1,0
CON5_005.png,0,0,0,1
CON5_006.png,0,0,0,1
CON5_007.png,0,0,0,1
CON5_008.png,0,0,0,1
CON5_009.png,0,0,0,1
CON5_010.png,0,0,0,1
CON5_011.png,0,0,0,1
CON5_012.png,0,0,0,1
CON5_013.png,0,0,0,1
CON5_014.png,0,0,0,1
CON5_015.png,0,0,0,1
CON5_016.png,0,0,0,1
CON5_017.png,0,0,0,1
CON5_018.png,0,0,0,1
CON5_019.png,0,0,0,1
CON5_020.png,0,0,0,1
CON5_021.png,0,0,0,1
CON5_022.png,0,0,0,1
CON5_023.png,0,0,0,1
CON5_024.png,0,0,0,1
CON5_025.png,0,0,0,1
CON5_026.png,0,0,0,1
CON5_027.png,0,0,0,1
CON5_028.png,0,0,0,1
CON5_029.png,0,0,0,1
CON5_030.png,0,0,0,1
CON5_031.png,0,0,0,1
CON5_032.png,0,0,0,1
CON5_033.png,0,0,0,1
CON5_034.png,0,0,0,1
CON5_035.png,0,0,0,1
CON5_036.png,0,0,0,1
CON5_037.png,0,0,0,1
CON5_038.png,0,0,0,1
CON5_039.png,0,0,0,1
CON5_040.png,0,0,0,1
CON5_041.png,0,0,0,1
CON5_042.png,0,0,0,1
CON5_043.png,0,0,0,1
CON5_044.png,0,0,0,1
CON5_045.png,0,0,0,1
CON5_046.png,0,0,0,1
CON5_047.png,0,0,0,1
CON5_048.png,0,0,0,1
CON5_049.png,0,0,0,1
CON5_050.png,0,0,0,1
CON5_051.png,0,0,0,1
CON5_052.png,0,0,0,1
CON5_053.png,0,0,0,1
CON5_054.png,0,0,0,1
CON5_055.png,0,0,0,1
CON5_056.png,0,0,0,1
CON5_057.png,0,0,0,1
CON5_058.png,0,0,0,1
CON5_059.png,0,0,0,1
CON5_060.png,0,0,0,1
CON5_061.png,0,0,0,1
CON5_062.png,0,0,0,1
CON5_063.png,0,0,0,1
CON5_064.png,0,0,0,1
CON5_065.png,0,0,0,1
CON5_066.png,0,0,0,1
CON5_067.png,0,0,0,1
CON5_068.png,0,0,0,1
CON5_069.png,0,0,0,1
CON5_070.png,0,0,0,1
CON5_071.png,0,0,0,1
CON5_072.png,0,0,0,1
CON5_073.png,0,0,0,1
CON5_074.png,0,0,0,1
CON5_075.png,0,0,0,1
CON5_076.png,0,0,0,1
CON5_077.png,0,0,0,1
CON5_078.png,0,0,0,1
CON5_079.png,0,0,0,1
CON5_080.png,0,0,0,1
CON5_081.png,0,0,0,1
CON5_082.png,0,0,0,1
CON5_083.png,0,0,0,1
CON5_084.png,0,0,0,1
CON5_085.png,0,0,0,1
CON5_086.png,0,0,0,1
CON5_087.png,0,0,0,1
CON5_088.png,0,0,0,1
CON5_089.png,0,0,0,1
CON5_090.png,0,0,0,1
CON5_091.png,0,0,0,1
CON5_092.png,0,0,0,1
CON5_093.png,0,0,0,1
CON5_094.png,0,0,0,1
CON6_016.png,0,0,0,1
CON6_017.png,0,0,0,1
CON6_018.png,0,0,0,1
CON6_019.png,0,0,0,1
CON6_020.png,0,0,0,1
CON6_021.png,0,0,0,1
CON6_022.png,0,0,0,1
CON6_023.png,0,0,0,1
CON6_024.png,0,0,0,1
CON6_025.png,0,0,0,1
CON6_026.png,0,0,0,1
CON6_027.png,0,0,0,1
CON6_028.png,0,0,0,1
CON6_029.png,0,0,0,1
CON6_030.png,0,0,0,1
CON6_031.png,0,0,0,1
CON6_032.png,0,0,0,1
CON6_033.png,0,0,0,1
CON6_034.png,0,0,0,1
CON6_035.png,0,0,0,1
CON6_036.png,0,0,0,1
CON6_037.png,0,0,0,1
CON6_038.png,0,0,0,1
CON6_039.png,0,0,0,1
CON6_040.png,0,0,0,1
CON6_041.png,0,0,0,1
CON6_042.png,0,0,0,1
CON6_043.png,0,0,0,1
CON6_044.png,0,0,0,1
CON6_045.png,0,0,0,1
CON6_046.png,0,0,0,1
CON6_047.png,0,0,0,1
CON6_048.png,0,0,0,1
CON6_049.png,0,0,0,1
CON6_050.png,0,0,0,1
CON6_051.png,0,0,0,1
CON6_052.png,0,0,0,1
CON6_053.png,0,0,0,1
CON6_054.png,0,0,0,1
CON6_055.png,0,0,0,1
CON6_056.png,0,0,0,1
CON6_057.png,0,0,0,1
CON6_058.png,0,0,0,1
CON6_059.png,0,0,0,1
CON6_060.png,0,0,0,1
CON6_061.png,0,0,0,1
CON6_062.png,0,0,0,1
CON6_063.png,0,0,0,1
CON6_064.png,0,0,0,1
CON6_065.png,0,0,0,1
CON6_066.png,0,0,0,1
CON6_067.png,0,0,0,1
CON6_068.png,0,0,0,1
CON6_069.png,0,0,0,1
CON6_070.png,0,0,0,1
CON6_071.png,0,0,0,1
CON6_072.png,0,0,0,1
CON6_073.png,0,0,0,1
CON6_074.png,0,0,0,1
CON6_075.png,0,0,0,1
CON6_076.png,0,0,0,1
CON6_077.png,0,0,0,1
CON6_078.png,0,0,0,1
CON6_079.png,0,0,0,1
CON6_080.png,0,0,0,1
CON6_081.png,0,0,0,1
CON6_082.png,0,0,0,1
CON6_083.png,0,0,0,1
CON6_084.png,0,0,0,1
CON6_085.png,0,0,0,1
CON6_086.png,0,0,0,1
CON6_087.png,0,0,0,1
EX1_002.png,0,0,0,1
EX1_003.png,0,0,0,1
EX1_004.png,0,0,0,1
EX1_005.png,0,0,0,1
EX1_006.png,0,0,0,1
EX1_007.png,0,0,0,1
EX1_008.png,0,0,0,1
EX1_009.png,0,0,0,1
EX1_010.png,0,0,0,1
EX1_011.png,0,0,0,1
EX1_012.png,0,0,0,1
EX1_013.png,0,0,0,1
EX1_014.png,0,0,0,1
EX1_015.png,0,0,0,1
EX1_016.png,0,0,0,1
EX1_017.png,0,0,0,1
EX1_018.png,0,0,0,1
EX1_019.png,0,0,0,1
EX1_020.png,0,0,0,1
EX1_021.png,0,0,0,1
EX1_022.png,0,0,0,1
EX1_023.png,0,0,0,1
EX1_024.png,0,0,0,1
EX1_025.png,0,0,0,1
EX1_026.png,0,0,0,1
EX1_027.png,0,0,0,1
EX1_028.png,0,0,0,1
EX1_029.png,0,0,0,1
EX1_030.png,0,0,0,1
EX1_031.png,0,0,0,1
EX1_032.png,0,0,0,1
EX1_033.png,0,0,0,1
EX1_034.png,0,0,0,1
EX1_035.png,0,0,0,1
EX1_036.png,0,0,0,1
EX1_037.png,0,0,0,1
EX1_038.png,0,0,0,1
EX1_039.png,0,0,0,1
EX1_040.png,0,0,0,1
EX1_041.png,0,0,0,1
EX1_042.png,0,0,0,1
EX1_043.png,0,0,0,1
EX1_044.png,0,0,0,1
EX1_045.png,0,0,0,1
EX1_046.png,0,0,0,1
EX1_047.png,0,0,0,1
EX1_048.png,0,0,0,1
EX1_049.png,0,0,0,1
EX1_050.png,0,0,0,1
EX1_051.png,0,0,0,1
EX1_052.png,0,0,0,1
EX1_053.png,0,0,0,1
EX1_054.png,0,0,0,1
EX1_055.png,0,0,0,1
EX1_056.png,0,0,0,1
EX1_057.png,0,0,0,1
EX1_058.png,0,0,0,1
EX1_059.png,0,0,0,1
EX1_060.png,0,0,0,1
EX1_061.png,0,0,0,1
EX1_062.png,0,0,0,1
EX1_063.png,0,0,0,1
EX1_064.png,0,0,0,1
EX1_065.png,0,0,0,1
EX1_066.png,0,0,0,1
EX1_067.png,0,0,0,1
EX1_068.png,0,0,0,1
EX1_069.png,0,0,0,1
EX1_070.png,0,0,0,1
EX1_071.png,0,0,0,1
EX1_072.png,0,0,0,1
EX1_073.png,0,0,0,1
EX1_074.png,0,0,0,1
EX1_075.png,0,0,0,1
EX1_076.png,0,0,0,1
EX1_077.png,0,0,0,1
EX1_078.png,0,0,0,1
EX1_079.png,0,0,0,1
EX1_080.png,0,0,0,1
EX1_081.png,0,0,0,1
EX1_082.png,0,0,0,1
EX1_083.png,0,0,0,1
EX1_084.png,0,0,0,1
EX1_085.png,0,0,0,1
EX1_086.png,0,0,0,1
FMS0418_022.png,0,0,0,1
FMS0418_023.png,0,0,0,1
FMS0418_024.png,0,0,0,1
FMS0418_025.png,0,0,0,1
FMS0418_026.png,0,0,0,1
FMS0418_027.png,0,0,0,1
FMS0418_028.png,0,0,0,1
FMS0418_029.png,0,0,0,1
FMS0418_030.png,0,0,0,1
FMS0418_031.png,0,0,0,1
FMS0418_032.png,0,0,0,1
FMS0418_033.png,0,0,0,1
FMS0418_034.png,0,0,0,1
FMS0418_035.png,0,0,0,1
FMS0418_036.png,0,0,0,1
FMS0418_037.png,0,0,0,1
FMS0418_038.png,0,0,0,1
FMS0418_039.png,0,0,0,1
FMS0418_040.png,0,0,0,1
FMS0418_041.png,0,0,0,1
FMS0418_042.png,0,0,0,1
FMS0418_043.png,0,0,0,1
FMS0418_044.png,0,0,0,1
FMS0418_045.png,0,0,0,1
FMS0418_046.png,0,0,0,1
FMS0418_047.png,0,0,0,1
FMS0418_048.png,0,0,0,1
FMS0418_049.png,0,0,0,1
FMS0418_050.png,0,0,0,1
FMS0418_051.png,0,0,0,1
FMS0418_052.png,0,0,0,1
FMS0418_053.png,0,0,0,1
FMS0418_054.png,0,0,0,1
FMS0418_055.png,0,0,0,1
FMS0418_056.png,0,0,0,1
FMS0418_057.png,0,0,0,1
FMS0418_058.png,0,0,0,1
FMS0418_059.png,0,0,0,1
FMS0418_060.png,0,0,0,1
FMS0418_061.png,0,0,0,1
